SKU,Name,Length,Width,Height,Weight,URL
00102065,"LYCKSELE LÖVÅSMattress,140x188 cm",151.0,32.0,32.0,10.1,https://www.ikea.com/nl/en/p/00102065/
00031841,"EDSVIKDual-control kitchen mixer tap, chrome-plated",41.0,25.0,6.0,1.54,https://www.ikea.com/nl/en/p/00031841/
00089163,"KONCISGarlic press, stainless steel",16.0,5.0,3.0,0.15,https://www.ikea.com/nl/en/p/00089163/
00081534,"KONCISCan opener, stainless steel",18.0,5.0,4.0,0.19,https://www.ikea.com/nl/en/p/00081534/
00069768,"OMARShelving unit, galvanised,46x36x94 cm",92.0,36.0,10.0,5.22,https://www.ikea.com/nl/en/p/00069768/
00110640,"LERSTAFloor/reading lamp, aluminium chrome effect",59.0,26.0,14.0,2.8,https://www.ikea.com/nl/en/p/00110640/
00103343,"MALMChest of 2 drawers, black-brown,40x55 cm",55.0,47.0,13.0,17.3,https://www.ikea.com/nl/en/p/00103343/
00118523,"PACHIRA AQUATICAPotted plant, Guinea chestnut,27 cm",168.0,78.0,78.0,6.93,https://www.ikea.com/nl/en/p/00118523/
00104291,"LACKCoffee table, black-brown,118x78 cm",140.0,80.0,7.0,17.48,https://www.ikea.com/nl/en/p/00104291/
00130129,"SAMLABox, transparent,78x56x18 cm/55 l",78.0,56.0,18.0,1.58,https://www.ikea.com/nl/en/p/00130129/
00130167,"DUKTIG5-piece toy cookware set, stainless steel colour",22.0,15.0,9.0,0.61,https://www.ikea.com/nl/en/p/00130167/
00102452,"MYDALBunk bed frame, pine,90x200 cm",204.0,37.0,10.0,56.0,https://www.ikea.com/nl/en/p/00102452/
00102975,"SAMLABox, transparent,56x39x42 cm/65 l",56.0,42.0,39.0,1.75,https://www.ikea.com/nl/en/p/00102975/
00132798,"GOSIG GOLDENSoft toy, dog/golden retriever,40 cm",32.0,23.0,15.0,0.2,https://www.ikea.com/nl/en/p/00132798/
00138432,"BRANÄSBasket, rattan,32x34x32 cm",63.0,33.0,8.0,1.7,https://www.ikea.com/nl/en/p/00138432/
00141401,"FABLER BJÖRNSoft toy, beige,21 cm",22.0,10.0,6.0,0.03,https://www.ikea.com/nl/en/p/00141401/
00146776,"FORSÅWork lamp, black",35.0,18.0,10.0,2.56,https://www.ikea.com/nl/en/p/00146776/
00152159,"IKEA 365+ VÄRDEFULLPeeler, black",18.0,6.0,2.0,0.06,https://www.ikea.com/nl/en/p/00152159/
00160866,"STORÅLoft bed frame, black,140x200 cm",226.0,46.0,9.0,82.7,https://www.ikea.com/nl/en/p/00160866/
00165213,"URBANJunior chair, white",80.0,48.0,45.0,4.02,https://www.ikea.com/nl/en/p/00165213/
00177225,"STÖDJACutlery tray, white,51x50 cm",51.0,50.0,5.0,0.48,https://www.ikea.com/nl/en/p/00177225/
00186041,"LÄMPLIGPot stand, stainless steel,18x18 cm",24.0,22.0,2.0,0.1,https://www.ikea.com/nl/en/p/00186041/
00190689,"DUKTIGGlass, multicolour",18.0,12.0,5.0,0.14,https://www.ikea.com/nl/en/p/00190689/
00205539,"METODTop cabinet with ventilation, white,60x60x60 cm",65.0,63.0,10.0,22.2,https://www.ikea.com/nl/en/p/00205539/
00208670,"TORKADKitchen roll holder, silver-colour",29.0,13.0,13.0,0.22,https://www.ikea.com/nl/en/p/00208670/
00205092,"RINGHULTDrawer front, high-gloss white,80x10 cm",89.0,20.0,2.0,2.05,https://www.ikea.com/nl/en/p/00205092/
00204672,"UTRUSTAWire basket,60 cm",56.0,56.0,12.0,2.63,https://www.ikea.com/nl/en/p/00204672/
00205501,"BODBYNDrawer front, off-white,60x40 cm",69.0,42.0,2.0,3.75,https://www.ikea.com/nl/en/p/00205501/
00205488,"BODBYNDoor, off-white,40x200 cm",209.0,41.0,2.0,12.4,https://www.ikea.com/nl/en/p/00205488/
00205087,"RINGHULTDoor, high-gloss white,60x100 cm",109.0,60.0,2.0,7.74,https://www.ikea.com/nl/en/p/00205087/
00205493,"BODBYNDrawer front, off-white,80x40 cm",89.0,42.0,2.0,4.86,https://www.ikea.com/nl/en/p/00205493/
00204653,"UTRUSTADrawer front, high, white,40 cm",37.0,22.0,2.0,0.88,https://www.ikea.com/nl/en/p/00204653/
00205662,"UTRUSTAShelf for corner wall cabinet, white,68 cm",64.0,64.0,2.0,4.45,https://www.ikea.com/nl/en/p/00205662/
00211088,"STEFANChair, brown-black",95.0,48.0,9.0,4.04,https://www.ikea.com/nl/en/p/00211088/
00208236,"VEDDINGEDoor, white,60x120 cm",130.0,62.0,2.0,9.56,https://www.ikea.com/nl/en/p/00208236/
00205426,"VEDDINGEDrawer front, white,40x40 cm",50.0,42.0,2.0,2.1,https://www.ikea.com/nl/en/p/00205426/
00205431,"VEDDINGEDoor, white,40x80 cm",90.0,42.0,2.0,4.18,https://www.ikea.com/nl/en/p/00205431/
00212554,"METODCorner wall cabinet, white,68x37x60 cm",66.0,66.0,8.0,18.1,https://www.ikea.com/nl/en/p/00212554/
00214505,KOMPLEMENTSoft closing hinge,27.0,25.0,3.0,0.3,https://www.ikea.com/nl/en/p/00214505/
00216665,"SIBBARPCustom made wall panel, high-gloss white/laminate,1 m²x1.3 cm",100.0,100.0,2.0,12.0,https://www.ikea.com/nl/en/p/00216665/
00217165,"RÄCKACurtain rod, black,70-120 cm",69.0,2.0,2.0,0.3,https://www.ikea.com/nl/en/p/00217165/
00215307,"HEKTARFloor lamp, dark grey",73.0,39.0,26.0,10.13,https://www.ikea.com/nl/en/p/00215307/
00221596,"KNUBBIGTable lamp, cherry-blossoms white,18 cm",19.0,19.0,18.0,0.68,https://www.ikea.com/nl/en/p/00221596/
00217797,"GUNDEFolding chair, black",91.0,42.0,7.0,2.21,https://www.ikea.com/nl/en/p/00217797/
00226315,"VARIERACover cap, white",16.0,8.0,1.0,0.01,https://www.ikea.com/nl/en/p/00226315/
00233429,"APTITLIGButcher's block, bamboo,45x36 cm",46.0,36.0,3.0,3.3,https://www.ikea.com/nl/en/p/00233429/
00228705,"BRIMNESDay-bed frame with 2 drawers, white,80x200 cm",206.0,59.0,9.0,83.8,https://www.ikea.com/nl/en/p/00228705/
00238865,"VARIERADrawer mat, white,150 cm",50.0,5.0,5.0,0.42,https://www.ikea.com/nl/en/p/00238865/
00236239,"LÄTTADPlace mat, seagrass/black,37 cm",0.0,38.0,38.0,0.3,https://www.ikea.com/nl/en/p/00236239/
00239233,"TUFFINGBunk bed frame, dark grey,90x200 cm",206.0,58.0,6.0,44.67,https://www.ikea.com/nl/en/p/00239233/
00241815,"DRUVFLÄDERHanging planter, water hyacinth/grey,14 cm",18.0,17.0,17.0,0.26,https://www.ikea.com/nl/en/p/00241815/
00242278,"FABRIKÖRGlass-door cabinet, dark grey,57x150 cm",118.0,48.0,10.0,30.44,https://www.ikea.com/nl/en/p/00242278/
00245880,"SKUBBStorage with 6 compartments, white,35x45x125 cm",46.0,36.0,5.0,1.37,https://www.ikea.com/nl/en/p/00245880/
00245842,"BESTÅFrame, white,60x40x192 cm",196.0,41.0,8.0,18.01,https://www.ikea.com/nl/en/p/00245842/
00245917,"BESTÅFrame, white,60x20x38 cm",69.0,42.0,6.0,6.03,https://www.ikea.com/nl/en/p/00245917/
00246356,"KOMPLEMENTPull-out tray, white stained oak effect,50x58 cm",61.0,55.0,5.0,4.0,https://www.ikea.com/nl/en/p/00246356/
00251135,"LINNMONTable top, white,100x60 cm",100.0,60.0,3.0,4.6,https://www.ikea.com/nl/en/p/00251135/
00256944,"KOMPLEMENTClothes rail, dark grey,75 cm",74.0,6.0,4.0,0.4,https://www.ikea.com/nl/en/p/00256944/
00248567,"SUNDVIKCot, white,60x120 cm",124.0,71.0,13.0,21.9,https://www.ikea.com/nl/en/p/00248567/
00247370,"BESTÅFrame, white stained oak effect,60x40x192 cm",196.0,41.0,8.0,18.01,https://www.ikea.com/nl/en/p/00247370/
00246714,"KOMPLEMENTDrawer with glass front, white stained oak effect,100x58 cm",100.0,57.0,6.0,9.29,https://www.ikea.com/nl/en/p/00246714/
00250249,"VITTSJÖLaptop stand, black-brown/glass,35x65 cm",58.0,37.0,10.0,4.99,https://www.ikea.com/nl/en/p/00250249/
00253399,"FÖRBÄTTRACover strip and fittings, stainless steel colour,59.7x2.2 cm",74.0,6.0,2.0,0.07,https://www.ikea.com/nl/en/p/00253399/
00246417,"KOMPLEMENTDivider for frames, white,100x58 cm",100.0,58.0,8.0,17.18,https://www.ikea.com/nl/en/p/00246417/
00249487,"MALMBed frame, high, white,90x200 cm",205.0,78.0,9.0,30.7,https://www.ikea.com/nl/en/p/00249487/
00257255,"KOMPLEMENTShoe shelf, dark grey,50x35 cm",46.0,35.0,3.0,1.07,https://www.ikea.com/nl/en/p/00257255/
00257302,"KOMPLEMENTMesh basket, white,50x35 cm",44.0,34.0,17.0,0.84,https://www.ikea.com/nl/en/p/00257302/
00257298,"KOMPLEMENTMesh basket, white,100x58 cm",94.0,54.0,16.0,2.26,https://www.ikea.com/nl/en/p/00257298/
00257463,"KOMPLEMENTPull-out shoe shelf, white,100x58 cm",93.0,37.0,6.0,8.05,https://www.ikea.com/nl/en/p/00257463/
00258882,"KLIPSKBed tray, white",56.0,36.0,5.0,1.51,https://www.ikea.com/nl/en/p/00258882/
00257646,"KOMPLEMENTGlass shelf, white,50x58 cm",58.0,52.0,2.0,2.69,https://www.ikea.com/nl/en/p/00257646/
00260451,"LILLEPLUTTSoft toy, cat grey/white",26.0,24.0,10.0,0.11,https://www.ikea.com/nl/en/p/00260451/
00259914,"KRUSNINGPendant lamp shade, white,43 cm",43.0,43.0,1.0,0.19,https://www.ikea.com/nl/en/p/00259914/
00263850,"BILLYBookcase, white,80x28x202 cm",206.0,30.0,13.0,36.85,https://www.ikea.com/nl/en/p/00263850/
00269135,"HUGADWall fitting for curtain rod, black",6.0,4.0,3.0,0.06,https://www.ikea.com/nl/en/p/00269135/
00262855,"LENPillow for cot, white,35x55 cm",35.0,8.0,8.0,0.16,https://www.ikea.com/nl/en/p/00262855/
00262879,"EKERÖArmchair, Skiftebo yellow",84.0,61.0,42.0,18.73,https://www.ikea.com/nl/en/p/00262879/
00273175,"VOXTORPDoor, matt white,40x100 cm",106.0,40.0,3.0,6.02,https://www.ikea.com/nl/en/p/00273175/
00273199,"VOXTORPDoor, matt white,40x120 cm",126.0,40.0,3.0,7.8,https://www.ikea.com/nl/en/p/00273199/
00273180,"VOXTORPDoor, matt white,60x120 cm",129.0,60.0,3.0,11.3,https://www.ikea.com/nl/en/p/00273180/
00275848,"KALLAXShelving unit, white,42x147 cm",154.0,41.0,12.0,14.5,https://www.ikea.com/nl/en/p/00275848/
00277357,"VÄRDERASide plate, white,18x18 cm",20.0,18.0,3.0,0.34,https://www.ikea.com/nl/en/p/00277357/
00277395,"LOHALSRug, flatwoven, natural,200x300 cm",204.0,21.0,21.0,20.22,https://www.ikea.com/nl/en/p/00277395/
00278333,"LEIRSUNDSlatted bed base,90x200 cm",201.0,19.0,8.0,11.38,https://www.ikea.com/nl/en/p/00278333/
00277989,"KOMPLEMENTShelf, white,100x35 cm",98.0,35.0,2.0,4.4,https://www.ikea.com/nl/en/p/00277989/
00278578,"HYLLISShelving unit, in/outdoor,60x27x140 cm",144.0,28.0,4.0,5.34,https://www.ikea.com/nl/en/p/00278578/
00278677,"FÖRBÄTTRADecorative plinth, off-white,221x11 cm",242.0,12.0,4.0,6.1,https://www.ikea.com/nl/en/p/00278677/
00280208,"KUGGISInsert with 8 compartments, white",54.0,36.0,6.0,1.11,https://www.ikea.com/nl/en/p/00280208/
00282405,"BRANÄSBasket, dark grey,32x34x32 cm",63.0,33.0,8.0,1.7,https://www.ikea.com/nl/en/p/00282405/
00286677,"HEJNEPost, softwood,171 cm",171.0,7.0,3.0,1.7,https://www.ikea.com/nl/en/p/00286677/
00287295,"SNITTAKnife, black,22 cm",31.0,6.0,3.0,0.19,https://www.ikea.com/nl/en/p/00287295/
00286917,"VARDAGENGlass, clear glass,31 cl",25.0,18.0,8.0,1.62,https://www.ikea.com/nl/en/p/00286917/
00287808,"HEJNEShelf, softwood,77x28 cm",80.0,28.0,5.0,2.8,https://www.ikea.com/nl/en/p/00287808/
00290778,"FLISATWall storage, light white stained pine,70x9x16 cm",73.0,13.0,6.0,1.5,https://www.ikea.com/nl/en/p/00290778/
00290622,"HOPPVALSCellular blind, white,120x155 cm",127.0,8.0,4.0,1.48,https://www.ikea.com/nl/en/p/00290622/
00291650,"GLASSVIKGlass door, black/clear glass,60x38 cm",68.0,39.0,3.0,2.61,https://www.ikea.com/nl/en/p/00291650/
00291419,"STAJLIGHanger, in/outdoor, white",41.0,23.0,3.0,0.47,https://www.ikea.com/nl/en/p/00291419/
00291928,"VARDAGENJar with lid, clear glass,1.9 l",18.0,15.0,15.0,0.92,https://www.ikea.com/nl/en/p/00291928/
00291848,"HANVIKENDoor/drawer front, white,60x38 cm",69.0,39.0,2.0,2.15,https://www.ikea.com/nl/en/p/00291848/
00291787,"SILVERHÖJDENFrame, silver-colour,40x50 cm",53.0,43.0,2.0,1.0,https://www.ikea.com/nl/en/p/00291787/
00291626,"SELSVIKENDoor, high-gloss black,60x64 cm",70.0,61.0,2.0,4.6,https://www.ikea.com/nl/en/p/00291626/
00295304,"BESTÅTop panel for TV, glass black,180x40 cm",191.0,41.0,1.0,7.77,https://www.ikea.com/nl/en/p/00295304/
00294979,"KARMSUNDTable mirror, black,27x43 cm",31.0,26.0,3.0,1.7,https://www.ikea.com/nl/en/p/00294979/
00291674,"LAPPVIKENDoor/drawer front, white,60x38 cm",66.0,39.0,2.0,3.03,https://www.ikea.com/nl/en/p/00291674/
00297850,"UPPHETTACoffee/tea maker, glass/stainless steel,0.4 l",17.0,14.0,9.0,0.29,https://www.ikea.com/nl/en/p/00297850/
00295554,"BESTÅShelf, white,56x36 cm",59.0,36.0,2.0,2.64,https://www.ikea.com/nl/en/p/00295554/
00295549,"BESTÅShelf, white stained oak effect,56x36 cm",59.0,36.0,2.0,2.64,https://www.ikea.com/nl/en/p/00295549/
00295530,"BESTÅGlass shelf, glass,56x16 cm",58.0,18.0,1.0,0.94,https://www.ikea.com/nl/en/p/00295530/
00296172,"ELVARLIBracket for post, white,51 cm",53.0,5.0,3.0,0.48,https://www.ikea.com/nl/en/p/00296172/
00296214,"ELVARLIClothes rail, white,80 cm",98.0,3.0,3.0,0.55,https://www.ikea.com/nl/en/p/00296214/
00295653,"FISKBOFrame, white,10x15 cm",18.0,13.0,1.0,0.12,https://www.ikea.com/nl/en/p/00295653/
00299260,"LAXVIKENDoor, black,60x64 cm",73.0,60.0,2.0,5.28,https://www.ikea.com/nl/en/p/00299260/
00296313,"SINDVIKGlass door, black-brown/clear glass,60x64 cm",73.0,61.0,2.0,4.7,https://www.ikea.com/nl/en/p/00296313/
00298128,"TYSSEDALWardrobe, white/mirror glass,88x58x208 cm",188.0,61.0,10.0,84.9,https://www.ikea.com/nl/en/p/00298128/
00299689,"BRENNÅSENLeg, black stained,20 cm",29.0,23.0,8.0,2.7,https://www.ikea.com/nl/en/p/00299689/
00299694,"BJORLILeg, stainless steel,20 cm",24.0,16.0,4.0,0.91,https://www.ikea.com/nl/en/p/00299694/
00299825,"KRAGSTANest of tables, set of 2, black",78.0,52.0,4.0,7.85,https://www.ikea.com/nl/en/p/00299825/
00300353,"FISKBOFrame, black,10x15 cm",18.0,13.0,1.0,0.12,https://www.ikea.com/nl/en/p/00300353/
00306920,"IKORNNESTable mirror, ash,27x40 cm",43.0,28.0,4.0,1.29,https://www.ikea.com/nl/en/p/00306920/
00300386,"FISKBOFrame, white,40x50 cm",54.0,44.0,1.0,0.55,https://www.ikea.com/nl/en/p/00300386/
00307552,"BESTÅBox, grey,25x31x15 cm",31.0,16.0,4.0,0.22,https://www.ikea.com/nl/en/p/00307552/
00300664,"BRIMNESCabinet with doors, glass/black,78x95 cm",97.0,42.0,8.0,39.0,https://www.ikea.com/nl/en/p/00300664/
00309198,"VIDJAFloor lamp, white,138 cm",47.0,28.0,10.0,3.5,https://www.ikea.com/nl/en/p/00309198/
00309594,"ELVARLICross-brace, white,80 cm",106.0,1.0,1.0,0.23,https://www.ikea.com/nl/en/p/00309594/
00309829,"LÄMPLIGChopping board, bamboo,53x46 cm",53.0,46.0,3.0,3.22,https://www.ikea.com/nl/en/p/00309829/
00310960,"CACTACEAEPotted plant, assorted Cactus,12 cm",18.0,16.0,16.0,0.46,https://www.ikea.com/nl/en/p/00310960/
00314468,"SKOGSKLÖVERRoller blind, white,60x195 cm",72.0,7.0,6.0,0.87,https://www.ikea.com/nl/en/p/00314468/
00316047,"BORGHAMNHandle,40 mm",14.0,11.0,2.0,0.1,https://www.ikea.com/nl/en/p/00316047/
00315726,"PERSILLADEPlant pot, dark grey,12 cm",13.0,14.0,14.0,0.59,https://www.ikea.com/nl/en/p/00315726/
00319017,"OFANTLIGTSide plate, white,22 cm",2.0,22.0,22.0,0.44,https://www.ikea.com/nl/en/p/00319017/
00319362,"MAXIMERADrawer, high, white,60x45 cm",56.0,50.0,9.0,6.56,https://www.ikea.com/nl/en/p/00319362/
00319357,"MAXIMERADrawer, low, white,40x37 cm",36.0,32.0,8.0,3.31,https://www.ikea.com/nl/en/p/00319357/
00319022,"OFANTLIGTMug, white,31 cl",11.0,9.0,9.0,0.28,https://www.ikea.com/nl/en/p/00319022/
00320134,"FLEKKEDay-bed frame with 2 drawers, white,80x200 cm",205.0,81.0,11.0,79.65,https://www.ikea.com/nl/en/p/00320134/
00320723,"IDÅSENUnderframe sit/stand f table tp, el, dark grey,146x70 cm",76.0,61.0,18.0,30.0,https://www.ikea.com/nl/en/p/00320723/
00320799,"SKÅDISShelf, white",28.0,11.0,3.0,0.23,https://www.ikea.com/nl/en/p/00320799/
00317532,"ELVARLISide unit, white,36x216 cm",229.0,23.0,5.0,5.03,https://www.ikea.com/nl/en/p/00317532/
00320054,"LILLABO20-piece basic train set, multicolour",27.0,15.0,8.0,1.07,https://www.ikea.com/nl/en/p/00320054/
00317527,"ELVARLIBracket for post, white,36 cm",38.0,4.0,3.0,0.36,https://www.ikea.com/nl/en/p/00317527/
00318942,"OFTASTDeep plate, white,20 cm",0.0,20.0,20.0,0.28,https://www.ikea.com/nl/en/p/00318942/
00320803,"SKÅDISPegboard, white,56x56 cm",61.0,57.0,2.0,1.74,https://www.ikea.com/nl/en/p/00320803/
00321317,"ÅRSTIDFloor lamp, brass/white",43.0,37.0,37.0,4.68,https://www.ikea.com/nl/en/p/00321317/
00321614,"SKÅDISClip, white",12.0,5.0,3.0,0.06,https://www.ikea.com/nl/en/p/00321614/
00324518,"KALLAXShelving unit, white stained oak effect,77x147 cm",149.0,41.0,16.0,20.1,https://www.ikea.com/nl/en/p/00324518/
00328540,"BROGRUNDToilet roll holder, stainless steel",14.0,9.0,6.0,0.23,https://www.ikea.com/nl/en/p/00328540/
00329040,"BERÄKNABowl, clear glass,26 cm",0.0,26.0,26.0,0.75,https://www.ikea.com/nl/en/p/00329040/
00330982,"HJÄLPADrawer without front, white,80x55 cm",81.0,55.0,5.0,4.23,https://www.ikea.com/nl/en/p/00330982/
00329790,"PINNIGRack with 3 hooks, black",82.0,13.0,5.0,1.88,https://www.ikea.com/nl/en/p/00329790/
00330944,"PLATSAFrame, white,80x40x120 cm",125.0,41.0,9.0,14.2,https://www.ikea.com/nl/en/p/00330944/
00331062,"FONNESDoor, white,60x40 cm",69.0,40.0,2.0,3.25,https://www.ikea.com/nl/en/p/00331062/
00331161,"HJÄLPAShelf, white,60x40 cm",59.0,40.0,2.0,1.58,https://www.ikea.com/nl/en/p/00331161/
00331057,"FONNESDoor, white,40x180 cm",189.0,40.0,2.0,9.18,https://www.ikea.com/nl/en/p/00331057/
00331199,"LÄTTHETSuspension rail,80 cm",87.0,5.0,3.0,0.76,https://www.ikea.com/nl/en/p/00331199/
00331849,"ASKERSUNDCover panel, light ash effect,62x80 cm",89.0,62.0,2.0,4.6,https://www.ikea.com/nl/en/p/00331849/
00331868,"ASKERSUNDDrawer front, light ash effect,40x20 cm",49.0,20.0,2.0,0.95,https://www.ikea.com/nl/en/p/00331868/
00331873,"ASKERSUNDDrawer front, light ash effect,60x40 cm",69.0,40.0,2.0,2.85,https://www.ikea.com/nl/en/p/00331873/
00333947,"EKETCabinet with 2 drawers, white,70x35x35 cm",89.0,41.0,11.0,14.51,https://www.ikea.com/nl/en/p/00333947/
00334918,"KUNGSFORSContainer, stainless steel,12.0x26.5 cm",25.0,14.0,13.0,0.45,https://www.ikea.com/nl/en/p/00334918/
00335201,"KARLBYWorktop, walnut/veneer,246x3.8 cm",253.0,65.0,5.0,38.88,https://www.ikea.com/nl/en/p/00335201/
00335852,"LOMVIKENFrame, black,32x32 cm",34.0,34.0,2.0,0.53,https://www.ikea.com/nl/en/p/00335852/
00336432,"GUBBARPHandle, white,116 mm",13.0,6.0,2.0,0.05,https://www.ikea.com/nl/en/p/00336432/
00334923,"KUNGSFORSMagnetic clip, stainless steel",9.0,8.0,1.0,0.08,https://www.ikea.com/nl/en/p/00334923/
00337163,"NATTJASMINDuvet cover and 2 pillowcases, white,200x200/60x70 cm",28.0,19.0,8.0,1.33,https://www.ikea.com/nl/en/p/00337163/
00334536,"EKETCabinet with 4 compartments, dark grey,70x35x70 cm",76.0,36.0,12.0,11.52,https://www.ikea.com/nl/en/p/00334536/
00334305,"BILLSBROHandle, white,1880 mm",198.0,6.0,2.0,0.46,https://www.ikea.com/nl/en/p/00334305/
00338407,"BAGGANÄSHandle, brass-colour,143 mm",25.0,10.0,2.0,0.22,https://www.ikea.com/nl/en/p/00338407/
00336267,"NYMÅNECeiling spotlight with 3 spots, white",28.0,26.0,11.0,1.48,https://www.ikea.com/nl/en/p/00336267/
00338412,"BAGGANÄSKnob, brass-colour,21 mm",14.0,10.0,2.0,0.08,https://www.ikea.com/nl/en/p/00338412/
00340047,"EKETSuspension rail,35 cm",33.0,9.0,3.0,0.32,https://www.ikea.com/nl/en/p/00340047/
00339794,"VILJESTARKVase, clear glass,8 cm",8.0,12.0,12.0,0.25,https://www.ikea.com/nl/en/p/00339794/
00338577,"VILJESTARKVase, clear glass,17 cm",17.0,10.0,10.0,0.28,https://www.ikea.com/nl/en/p/00338577/
00339713,"NORRSJÖNColander, stainless steel",42.0,20.0,10.0,0.83,https://www.ikea.com/nl/en/p/00339713/
00342876,"IHÅLLIGPlace mat, natural/seagrass,37 cm",1.0,38.0,38.0,0.2,https://www.ikea.com/nl/en/p/00342876/
00342975,"KARAFFCarafe, clear glass,1.0 l",20.0,11.0,11.0,0.45,https://www.ikea.com/nl/en/p/00342975/
00342796,"ULLVIDEPillowcase, white,60x70 cm",17.0,12.0,2.0,0.14,https://www.ikea.com/nl/en/p/00342796/
00343003,MOPSIG16-piece cutlery set,21.0,5.0,4.0,0.5,https://www.ikea.com/nl/en/p/00343003/
00343282,"SJÄLSLIGTDecoration set of 3, green",27.0,19.0,10.0,1.15,https://www.ikea.com/nl/en/p/00343282/
00344451,"VILTOTowel stand, birch",152.0,13.0,3.0,2.84,https://www.ikea.com/nl/en/p/00344451/
00344743,"FLISBERGETDoor, light beige,50x195 cm",203.0,50.0,3.0,7.24,https://www.ikea.com/nl/en/p/00344743/
00345484,"SÄLJANCustom made worktop, aluminium effect/laminate,30-45x3.8 cm",120.0,50.0,4.0,12.5,https://www.ikea.com/nl/en/p/00345484/
00347505,"ENERYDAKnob, black,35 mm",16.0,11.0,3.0,0.08,https://www.ikea.com/nl/en/p/00347505/
00347553,"KARLBYCustom made worktop, oak/veneer,63.6-125x3.8 cm",125.0,100.0,4.0,30.05,https://www.ikea.com/nl/en/p/00347553/
00347510,"ENERYDAKnob, chrome-plated,27 mm",14.0,10.0,3.0,0.06,https://www.ikea.com/nl/en/p/00347510/
00351248,"BESTÅDrawer frame, black-brown,60x25x40 cm",59.0,34.0,4.0,4.08,https://www.ikea.com/nl/en/p/00351248/
00349444,"TINGBYSide table on castors, grey,50x50 cm",63.0,51.0,8.0,4.95,https://www.ikea.com/nl/en/p/00349444/
00349849,"NORDLIBed frame with storage, white,160x200 cm",207.0,78.0,11.0,123.48,https://www.ikea.com/nl/en/p/00349849/
00356057,"LERHYTTANDoor, black stained,40x80 cm",90.0,42.0,2.0,2.8,https://www.ikea.com/nl/en/p/00356057/
00356062,"LERHYTTANDoor, black stained,60x200 cm",210.0,62.0,2.0,9.9,https://www.ikea.com/nl/en/p/00356062/
00356076,"LERHYTTANFront for dishwasher, black stained,45x80 cm",90.0,47.0,2.0,3.09,https://www.ikea.com/nl/en/p/00356076/
00357226,"DVALAFitted sheet, white,90x200 cm",28.0,15.0,5.0,0.52,https://www.ikea.com/nl/en/p/00357226/
00356081,"LERHYTTANGlass door, black stained,40x40 cm",50.0,42.0,2.0,1.72,https://www.ikea.com/nl/en/p/00356081/
00358966,"TORNVIKENBox, grey,16x34x15 cm",34.0,18.0,5.0,1.8,https://www.ikea.com/nl/en/p/00358966/
00358971,"TORNVIKENBox, off-white,16x34x15 cm",34.0,18.0,5.0,1.8,https://www.ikea.com/nl/en/p/00358971/
00359206,"IKEA 365+Food container, square/glass,600 ml",15.0,15.0,6.0,0.49,https://www.ikea.com/nl/en/p/00359206/
00361087,"SELSVIKENDoor/drawer front, high-gloss light grey,60x38 cm",68.0,41.0,2.0,2.55,https://www.ikea.com/nl/en/p/00361087/
00363171,"FABRIKÖRGlass-door cabinet, black-blue,81x113 cm",113.0,44.0,11.0,35.73,https://www.ikea.com/nl/en/p/00363171/
00368767,"MATTRADITIONForced air oven, IKEA 300 stainless steel",67.0,66.0,64.0,30.8,https://www.ikea.com/nl/en/p/00368767/
00360988,"IDÅSENUnderframe for table top, beige,146x67x76 cm",81.0,67.0,14.0,18.1,https://www.ikea.com/nl/en/p/00360988/
00360484,"UTÅKERStackable bed, pine,80x200 cm",201.0,24.0,10.0,31.56,https://www.ikea.com/nl/en/p/00360484/
00360587,"MUSKANStorage stool, white,50 cm",49.0,38.0,13.0,4.6,https://www.ikea.com/nl/en/p/00360587/
00372298,"PINNARPWorktop, ash/veneer,186x3.8 cm",193.0,65.0,5.0,27.6,https://www.ikea.com/nl/en/p/00372298/
00372302,"PINNARPWorktop, ash/veneer,246x3.8 cm",253.0,65.0,5.0,38.36,https://www.ikea.com/nl/en/p/00372302/
00372316,"SKOGSÅCustom made worktop, oak/veneer,30-45x3.8 cm",100.0,45.0,4.0,11.0,https://www.ikea.com/nl/en/p/00372316/
00377210,"NYMÖLamp shade, black/brass-colour,44 cm",45.0,45.0,7.0,1.05,https://www.ikea.com/nl/en/p/00377210/
00377408,"PINNARPCustom made worktop, walnut/veneer,45.1-63.5x3.8 cm",100.0,45.0,4.0,11.41,https://www.ikea.com/nl/en/p/00377408/
00380590,UTRUSTAConnecting rail for fronts,56.0,7.0,4.0,1.26,https://www.ikea.com/nl/en/p/00380590/
00381764,"VIKHAMMERBedside table, white,40x39 cm",59.0,40.0,10.0,11.84,https://www.ikea.com/nl/en/p/00381764/
00381599,"FUBBLALED wall lamp, white",22.0,16.0,11.0,0.69,https://www.ikea.com/nl/en/p/00381599/
00384729,KAFFEREPBiscuits with almonds,18.0,6.0,6.0,0.19,https://www.ikea.com/nl/en/p/00384729/
00385314,"SANDAREDPouffe, beige,45 cm",15.0,46.0,46.0,3.6,https://www.ikea.com/nl/en/p/00385314/
00385309,"SANDAREDPouffe, grey,56 cm",18.0,57.0,57.0,4.9,https://www.ikea.com/nl/en/p/00385309/
00382990,"SKOGSÅWorktop, oak/veneer,246x3.8 cm",253.0,65.0,5.0,38.3,https://www.ikea.com/nl/en/p/00382990/
00386375,"LÄTTHETSuspension rail,60 cm",66.0,5.0,3.0,0.61,https://www.ikea.com/nl/en/p/00386375/
00388261,"TROLLBERGETActive sit/stand support, Grann beige",60.0,49.0,16.0,10.81,https://www.ikea.com/nl/en/p/00388261/
00391715,"FRÖSÖNCover for back cushion, outdoor dark grey,62x44 cm",27.0,11.0,6.0,0.32,https://www.ikea.com/nl/en/p/00391715/
00365924,"NORDLIModular chest of 2 drawers, anthracite,40x45 cm",75.0,46.0,9.0,15.0,https://www.ikea.com/nl/en/p/00365924/
00391918,"ROCKÅNBath robe, white,S/M",37.0,26.0,10.0,1.03,https://www.ikea.com/nl/en/p/00391918/
00393371,"TORNVIKENKitchen island, off-white/oak,72x52 cm",90.0,55.0,13.0,41.45,https://www.ikea.com/nl/en/p/00393371/
00392041,"BRIMNESChest of 3 drawers, white/frosted glass,78x46x95 cm",99.0,47.0,12.0,44.0,https://www.ikea.com/nl/en/p/00392041/
00392461,"HEMNESChest of 2 drawers, grey stained,54x66 cm",66.0,47.0,11.0,13.8,https://www.ikea.com/nl/en/p/00392461/
00391937,"TÅSJÖNSlippers, grey,S/M",27.0,11.0,3.0,0.09,https://www.ikea.com/nl/en/p/00391937/
00394318,"POÄNGArmchair cushion, Knisa light beige",58.0,25.0,25.0,1.75,https://www.ikea.com/nl/en/p/00394318/
00394380,"LÄMPLIGChopping board,45x38 cm",45.0,38.0,3.0,2.22,https://www.ikea.com/nl/en/p/00394380/
00395351,NYTTIG FIL 650Charcoal filter,27.0,24.0,2.0,0.28,https://www.ikea.com/nl/en/p/00395351/
00395558,"SANNIDALDoor, white,60x180 cm",189.0,60.0,2.0,6.9,https://www.ikea.com/nl/en/p/00395558/
00395539,"SANNIDALDoor, white,60x120 cm",129.0,60.0,2.0,4.73,https://www.ikea.com/nl/en/p/00395539/
00395624,"NYPONPlant pot, in/outdoor grey,24 cm",24.0,26.0,26.0,1.09,https://www.ikea.com/nl/en/p/00395624/
00396242,"KNAPPERStanding mirror, white,48x160 cm",160.0,40.0,5.0,11.0,https://www.ikea.com/nl/en/p/00396242/
00396336,"STORSINTRed wine glass, clear glass,68 cl",30.0,24.0,20.0,1.74,https://www.ikea.com/nl/en/p/00396336/
00396987,"FRIDANSBlock-out roller blind, black,60x195 cm",78.0,8.0,5.0,1.04,https://www.ikea.com/nl/en/p/00396987/
00396416,"MILSBOGlass-door cabinet, white,73x175 cm",164.0,40.0,9.0,48.45,https://www.ikea.com/nl/en/p/00396416/
00396992,"FRIDANSBlock-out roller blind, black,80x195 cm",93.0,8.0,5.0,1.21,https://www.ikea.com/nl/en/p/00396992/
00397487,"VOXTORPDoor, high-gloss white,60x100 cm",109.0,60.0,3.0,9.25,https://www.ikea.com/nl/en/p/00397487/
00397307,"TRONESShoe cabinet/storage, white,52x18x39 cm",78.0,52.0,19.0,5.07,https://www.ikea.com/nl/en/p/00397307/
00396384,"STORSINTCarafe, clear glass,1.7 l",29.0,18.0,18.0,0.95,https://www.ikea.com/nl/en/p/00396384/
00397500,"VOXTORPDrawer front, high-gloss white,60x20 cm",69.0,20.0,3.0,1.76,https://www.ikea.com/nl/en/p/00397500/
00397816,"LERHYTTANDecorative plinth, light grey,220 cm",223.0,10.0,5.0,2.39,https://www.ikea.com/nl/en/p/00397816/
00392847,"KALLAXShelving unit, black-brown,42x112 cm",107.0,40.0,13.0,11.9,https://www.ikea.com/nl/en/p/00392847/
00401781,"KUNGSFORSShelf, bamboo,60 cm",63.0,32.0,3.0,3.18,https://www.ikea.com/nl/en/p/00401781/
00403233,"LERHYTTANCorner leg for decorative plinth, light grey,11 cm 2 pack",24.0,8.0,7.0,0.49,https://www.ikea.com/nl/en/p/00403233/
00402813,"DJUNGELSKOGSoft toy, brown bear",100.0,61.0,16.0,1.2,https://www.ikea.com/nl/en/p/00402813/
00404181,"SINARPPlinth, brown wood effect,220x8 cm",229.0,8.0,1.0,0.88,https://www.ikea.com/nl/en/p/00404181/
00404157,"SINARPDoor, brown,60x140 cm",150.0,62.0,2.0,11.05,https://www.ikea.com/nl/en/p/00404157/
00404204,"HAVSTACoffee table, white,100x75 cm",105.0,79.0,14.0,21.8,https://www.ikea.com/nl/en/p/00404204/
00401955,"NYTTIG FIL 500Charcoal filter,2 pack",6.0,20.0,20.0,0.35,https://www.ikea.com/nl/en/p/00401955/
00404162,"SINARPDoor, brown,60x80 cm",90.0,62.0,2.0,6.65,https://www.ikea.com/nl/en/p/00404162/
00404143,"SINARPCover panel, brown,39x86 cm",96.0,41.0,2.0,3.72,https://www.ikea.com/nl/en/p/00404143/
00402808,"DJUNGELSKOGSoft toy, orangutan",59.0,25.0,13.0,0.29,https://www.ikea.com/nl/en/p/00402808/
00404906,"LAUTERSTable lamp, brown ash/white",27.0,25.0,12.0,1.03,https://www.ikea.com/nl/en/p/00404906/
00404893,"NÄVLINGECeiling spotlight with 3 spots, white",23.0,23.0,10.0,0.81,https://www.ikea.com/nl/en/p/00404893/
00407556,"RÅGKORNPlant pot, in/outdoor dark grey/beige,24 cm",32.0,29.0,29.0,0.95,https://www.ikea.com/nl/en/p/00407556/
00408773,"AXSTADDrawer front, matt white,60x10 cm",69.0,20.0,3.0,2.07,https://www.ikea.com/nl/en/p/00408773/
00408787,"AXSTADGlass door, matt white,30x100 cm",109.0,30.0,3.0,4.19,https://www.ikea.com/nl/en/p/00408787/
00408768,"AXSTAD2-p door f corner base cabinet set, matt white,26x80 cm",89.0,26.0,5.0,6.19,https://www.ikea.com/nl/en/p/00408768/
00408792,"AXSTADGlass door, matt white,40x60 cm",69.0,40.0,3.0,3.27,https://www.ikea.com/nl/en/p/00408792/
00409739,"SMYCKAArtificial flower, cherry-blossoms/pink,130 cm",130.0,20.0,20.0,0.17,https://www.ikea.com/nl/en/p/00409739/
00410200,"FOTINGENShower tray,90x90 cm",106.0,97.0,10.0,33.7,https://www.ikea.com/nl/en/p/00410200/
00412015,"KOPPLA6-way socket with switch, white,1.5 m",36.0,12.0,8.0,0.89,https://www.ikea.com/nl/en/p/00412015/
00417452,"DRÖMBILDMug, clear glass,25 cl",11.0,9.0,8.0,0.25,https://www.ikea.com/nl/en/p/00417452/
00415052,"HAUGACabinet with 2 doors, white,70x116 cm",89.0,47.0,11.0,31.9,https://www.ikea.com/nl/en/p/00415052/
00418376,"LIDKULLENActive sit/stand support, Gunnared beige",46.0,45.0,25.0,10.13,https://www.ikea.com/nl/en/p/00418376/
00421029,"SANSEVIERIA TRIFASCIATAPotted plant, Mother-in-law's tongue,14 cm",46.0,24.0,24.0,1.05,https://www.ikea.com/nl/en/p/00421029/
00414830,"ÅHEIMDoor, mirror glass,25x229 cm",240.0,27.0,3.0,7.8,https://www.ikea.com/nl/en/p/00414830/
00421185,"MEHAMN4 panels for sliding door frame, white stained oak effect/white,100x201 cm",108.0,49.0,2.0,7.0,https://www.ikea.com/nl/en/p/00421185/
00422321,"IKEA 365+Mandoline, black",29.0,12.0,5.0,0.28,https://www.ikea.com/nl/en/p/00422321/
00422854,"MJÖSAPedal bin, dark grey,30 l",71.0,35.0,35.0,3.42,https://www.ikea.com/nl/en/p/00422854/
00424787,"NYMÅNECeiling spotlight with 1 spot, white",15.0,9.0,9.0,0.42,https://www.ikea.com/nl/en/p/00424787/
00426282,"BERGSHULTShelf, brown-black,80x30 cm",86.0,31.0,3.0,4.1,https://www.ikea.com/nl/en/p/00426282/
00426814,"STOENSERug, low pile, dark grey,170x240 cm",172.0,20.0,20.0,10.4,https://www.ikea.com/nl/en/p/00426814/
00426343,"VANILJSTÅNGPlant stand, pine/black,55 cm",49.0,27.0,15.0,2.7,https://www.ikea.com/nl/en/p/00426343/
00426828,"STOENSERug, low pile, medium grey,170x240 cm",172.0,20.0,20.0,10.13,https://www.ikea.com/nl/en/p/00426828/
00428549,"SKUBBBox, set of 6, white",56.0,14.0,5.0,0.52,https://www.ikea.com/nl/en/p/00428549/
00428827,"DRÖNJÖNSDesk organiser, white,25x20 cm",25.0,21.0,20.0,1.14,https://www.ikea.com/nl/en/p/00428827/
00428993,"NYMÅNEWall lamp double, wired-in, white",31.0,11.0,8.0,0.9,https://www.ikea.com/nl/en/p/00428993/
00423028,"VISBÄCKPoster hanger, bamboo,40 cm",40.0,3.0,3.0,0.26,https://www.ikea.com/nl/en/p/00423028/
00424443,"VÅRVIALFitted sheet, beige,160x200 cm",28.0,15.0,10.0,0.77,https://www.ikea.com/nl/en/p/00424443/
00433720,"KORNSNÖLED night light, white/rabbit battery-operated",9.0,8.0,7.0,0.11,https://www.ikea.com/nl/en/p/00433720/
00434277,"MÖJLIGHETHeadset/tablet stand, black",28.0,15.0,8.0,0.28,https://www.ikea.com/nl/en/p/00434277/
00433942,"FEJKAArtificial potted plant, in/outdoor grass,9 cm",21.0,15.0,15.0,0.19,https://www.ikea.com/nl/en/p/00433942/
00434098,"SMÅSTADDrawer front, white,60x15 cm",61.0,15.0,2.0,0.95,https://www.ikea.com/nl/en/p/00434098/
00430745,"NORDKISABedside table, bamboo,60x40 cm",74.0,43.0,12.0,11.62,https://www.ikea.com/nl/en/p/00430745/
00433961,"ELVARLIDrawer, white,40x36 cm",68.0,37.0,7.0,7.5,https://www.ikea.com/nl/en/p/00433961/
00430533,"GRANHULTJointing bracket, nickel-plated,20x12 cm",22.0,13.0,6.0,0.24,https://www.ikea.com/nl/en/p/00430533/
00435385,"LOMMARPTV bench, dark blue-green,159x45x81 cm",163.0,51.0,11.0,67.7,https://www.ikea.com/nl/en/p/00435385/
00436790,"FÖRDUBBLA2-piece knife set, grey",32.0,12.0,2.0,0.14,https://www.ikea.com/nl/en/p/00436790/
00437676,"SIMRISHAMNTable lamp, chrome-plated/opal white glass,42 cm",33.0,26.0,22.0,2.28,https://www.ikea.com/nl/en/p/00437676/
00437167,"VRENAWorktop, oak/veneer,186x2.8 cm",193.0,65.0,4.0,21.87,https://www.ikea.com/nl/en/p/00437167/
00438360,"VINLIDENCover for 2-seat sofa, Hakebo dark grey",75.0,56.0,8.0,4.5,https://www.ikea.com/nl/en/p/00438360/
00438398,"SÖRVALLENFootstool with storage, Lejde grey/black",108.0,86.0,39.0,35.2,https://www.ikea.com/nl/en/p/00438398/
00438553,"MURENRecliner, Remmarn light grey",83.0,71.0,54.0,41.75,https://www.ikea.com/nl/en/p/00438553/
00439468,"NORDKISAOpen wardrobe with sliding door, bamboo,120x186 cm",169.0,64.0,9.0,40.59,https://www.ikea.com/nl/en/p/00439468/
00440339,"UPPLYSTLED wall lamp, flower lilac",27.0,27.0,8.0,0.43,https://www.ikea.com/nl/en/p/00440339/
00441555,"RÅHULTCustom made wall panel, black stone effect/quartz,1 m²x1.2 cm",100.0,100.0,1.0,25.0,https://www.ikea.com/nl/en/p/00441555/
00440513,"ENHETBase cb f washbasin w 2 drawers, white,40x40x60 cm",65.0,41.0,12.0,12.78,https://www.ikea.com/nl/en/p/00440513/
00440768,"UPPSNOFSADLid, black,35x25 cm",35.0,25.0,2.0,0.09,https://www.ikea.com/nl/en/p/00440768/
00440363,"SVENSÅSMemo board, white,40x60 cm",60.0,41.0,3.0,1.42,https://www.ikea.com/nl/en/p/00440363/
00441621,"EKOLNToothbrush holder, dark grey",11.0,9.0,6.0,0.28,https://www.ikea.com/nl/en/p/00441621/
00441758,"KLEPPSTADWardrobe with 3 doors, white,117x55x176 cm",181.0,56.0,7.0,78.45,https://www.ikea.com/nl/en/p/00441758/
00441796,"BILDPoster, Moon,61x91 cm",92.0,62.0,0.0,0.47,https://www.ikea.com/nl/en/p/00441796/
00441904,"CHIAFRÖNPlant pot, white,9 cm",10.0,11.0,11.0,0.5,https://www.ikea.com/nl/en/p/00441904/
00442654,"EKOLSUNDCover for recliner, Gunnared dark grey",57.0,37.0,4.0,2.16,https://www.ikea.com/nl/en/p/00442654/
00442263,"BILDPoster, Woodland way,91x61 cm",92.0,62.0,0.0,0.47,https://www.ikea.com/nl/en/p/00442263/
00442734,"NATTJASMINFitted sheet, light beige,160x200 cm",28.0,14.0,6.0,0.76,https://www.ikea.com/nl/en/p/00442734/
00442499,"KUNGSFORSRail, stainless steel,40 cm",40.0,5.0,3.0,0.18,https://www.ikea.com/nl/en/p/00442499/
00442197,"TONSÄTTAVase, blue,21 cm",21.0,14.0,14.0,0.87,https://www.ikea.com/nl/en/p/00442197/
00444479,"SIBBARPCustom made wall panel, brown walnut effect/laminate,1 m²x1.3 cm",100.0,100.0,1.0,12.5,https://www.ikea.com/nl/en/p/00444479/
00444554,"GRILLTIDERBarbecue brush, silicone",25.0,5.0,2.0,0.04,https://www.ikea.com/nl/en/p/00444554/
00445228,"IVRIGGlass, grey,45 cl",20.0,20.0,12.0,0.82,https://www.ikea.com/nl/en/p/00445228/
00446237,"MÅLERÅSPicture ledge, bamboo,75 cm",75.0,12.0,3.0,1.45,https://www.ikea.com/nl/en/p/00446237/
00446505,"KOMPLEMENTPull-out trouser hanger, white stained oak effect,50x58 cm",58.0,55.0,4.0,3.32,https://www.ikea.com/nl/en/p/00446505/
00446534,"KOMPLEMENTPull-out trouser hanger, white,100x58 cm",104.0,58.0,4.0,4.35,https://www.ikea.com/nl/en/p/00446534/
00447350,"ALSTERNBath mat, white,50x80 cm",81.0,51.0,1.0,0.38,https://www.ikea.com/nl/en/p/00447350/
00448769,"HULTARPRail, black,60 cm",60.0,5.0,4.0,0.37,https://www.ikea.com/nl/en/p/00448769/
00448731,"BOAXELWall upright, white,100 cm",100.0,3.0,3.0,0.6,https://www.ikea.com/nl/en/p/00448731/
00448953,"ENHETBase fr w shelves, anthracite,40x60x75 cm",76.0,61.0,6.0,8.23,https://www.ikea.com/nl/en/p/00448953/
00448967,"ENHETWall frame with shelves, white,60x15x75 cm",76.0,20.0,8.0,5.37,https://www.ikea.com/nl/en/p/00448967/
00449877,"NÄVLINGELED clamp spotlight, black",19.0,14.0,6.0,0.38,https://www.ikea.com/nl/en/p/00449877/
00448972,"ENHETWall frame with shelves, anthracite,60x30x75 cm",76.0,35.0,7.0,7.68,https://www.ikea.com/nl/en/p/00448972/
00450559,"STENSUNDDoor, white,40x80 cm",90.0,42.0,2.0,4.63,https://www.ikea.com/nl/en/p/00450559/
00450564,"STENSUNDDoor, white,60x140 cm",150.0,62.0,2.0,12.41,https://www.ikea.com/nl/en/p/00450564/
00450578,"STENSUNDDrawer front, white,80x10 cm",81.0,20.0,2.0,2.44,https://www.ikea.com/nl/en/p/00450578/
00450088,"LACKTV bench, white,90x26x45 cm",91.0,37.0,7.0,6.18,https://www.ikea.com/nl/en/p/00450088/
00450583,"STENSUNDGlass door, white,30x100 cm",110.0,32.0,2.0,3.42,https://www.ikea.com/nl/en/p/00450583/
00450502,"VESTERÖYPocket sprung mattress, firm/light blue,90x200 cm",102.0,42.0,42.0,19.0,https://www.ikea.com/nl/en/p/00450502/
00450601,"VESTERÖYPocket sprung mattress, medium firm/light blue,80x200 cm",96.0,42.0,42.0,14.84,https://www.ikea.com/nl/en/p/00450601/
00450658,"VALEVÅGPocket sprung mattress, firm/light blue,140x200 cm",154.0,42.0,42.0,32.0,https://www.ikea.com/nl/en/p/00450658/
00450615,"VESTERÖYPocket sprung mattress, medium firm/light blue,140x200 cm",153.0,42.0,42.0,24.76,https://www.ikea.com/nl/en/p/00450615/
00450818,"SKOGSKORNCushion, dark grey/multicolour,40x65 cm",65.0,40.0,13.0,1.21,https://www.ikea.com/nl/en/p/00450818/
00451059,"NYSKÖLJDDish drying mat, dark grey,44x36 cm",44.0,37.0,1.0,0.12,https://www.ikea.com/nl/en/p/00451059/
00450757,"VÅGSTRANDAPocket sprung mattress, firm/light blue,180x200 cm",194.0,44.0,43.0,65.6,https://www.ikea.com/nl/en/p/00450757/
00451323,HÄNGIGLabel holder,7.0,7.0,6.0,0.07,https://www.ikea.com/nl/en/p/00451323/
00453464,"OSTBITServing tong, bamboo",24.0,5.0,2.0,0.03,https://www.ikea.com/nl/en/p/00453464/
00452643,"SKOGSTATable, acacia/black,160x81x74 cm",163.0,85.0,8.0,52.17,https://www.ikea.com/nl/en/p/00452643/
00453850,"FJÄLLARNIKAAll seasons duvet,240x220 cm",45.0,27.0,27.0,5.69,https://www.ikea.com/nl/en/p/00453850/
00454091,"VOXTORPDoor, dark grey,40x60 cm",69.0,40.0,3.0,3.76,https://www.ikea.com/nl/en/p/00454091/
00454109,"VOXTORPFront for dishwasher, dark grey,45x80 cm",89.0,45.0,3.0,6.01,https://www.ikea.com/nl/en/p/00454109/
00454086,"VOXTORPDoor, dark grey,30x60 cm",69.0,30.0,3.0,2.82,https://www.ikea.com/nl/en/p/00454086/
00454821,"FÖRENLIGPlant pot, in/outdoor white,12 cm",12.0,14.0,14.0,0.21,https://www.ikea.com/nl/en/p/00454821/
00455547,"MÅLAWax crayon, mixed colours",11.0,9.0,1.0,0.07,https://www.ikea.com/nl/en/p/00455547/
00454883,"MUSKOTBLOMMAPlant pot with saucer, in/outdoor terracotta,12 cm",12.0,16.0,16.0,1.12,https://www.ikea.com/nl/en/p/00454883/
00455161,"ÄLMARENKitchen mixer tap, stainless steel colour",50.0,29.0,6.0,1.89,https://www.ikea.com/nl/en/p/00455161/
00457004,"SMÅSPORREDuvet, light warm,140x200 cm",45.0,14.0,14.0,1.04,https://www.ikea.com/nl/en/p/00457004/
00457235,"LISABOChair, ash",82.0,68.0,13.0,5.9,https://www.ikea.com/nl/en/p/00457235/
00458188,"PAXPair of sliding door frames w rail, white,150x236 cm",238.0,24.0,7.0,14.89,https://www.ikea.com/nl/en/p/00458188/
00458046,"FJÄLLHAVREDuvet, warm,140x200 cm",45.0,17.0,17.0,1.84,https://www.ikea.com/nl/en/p/00458046/
00458193,"PAXPair of sliding door frames w rail, black,200x236 cm",238.0,25.0,7.0,17.06,https://www.ikea.com/nl/en/p/00458193/
00457462,"FJÄLLARNIKADuvet, light warm,200x200 cm",46.0,19.0,19.0,1.94,https://www.ikea.com/nl/en/p/00457462/
00457829,"GRUSSTARRDuvet, cool,140x200 cm",45.0,12.0,12.0,1.08,https://www.ikea.com/nl/en/p/00457829/
00457155,"GLADELIGPlate, grey,31x19 cm",31.0,19.0,2.0,0.78,https://www.ikea.com/nl/en/p/00457155/
00458230,"PAXWardrobe frame, grey-beige,75x58x201 cm",210.0,61.0,8.0,34.11,https://www.ikea.com/nl/en/p/00458230/
00458206,"PAXWardrobe frame, grey-beige,100x58x236 cm",246.0,61.0,8.0,42.0,https://www.ikea.com/nl/en/p/00458206/
00458697,"IDANÄSChest of 6 drawers, dark brown stained,84x135 cm",112.0,55.0,14.0,60.41,https://www.ikea.com/nl/en/p/00458697/
00458876,"IDANÄSBed frame with storage, white,180x200 cm",202.0,66.0,7.0,99.97,https://www.ikea.com/nl/en/p/00458876/
00458904,"IDANÄSBed frame, white,180x200 cm",202.0,65.0,6.0,54.54,https://www.ikea.com/nl/en/p/00458904/
00459022,"KLOCKRENPan lid, glass,25 cm",25.0,25.0,5.0,0.55,https://www.ikea.com/nl/en/p/00459022/
00459913,"ENHETLegs f frame, white,23.5 cm",27.0,7.0,4.0,0.36,https://www.ikea.com/nl/en/p/00459913/
00459116,"SANNAHEDFrame, white,25x25 cm",27.0,27.0,6.0,0.85,https://www.ikea.com/nl/en/p/00459116/
00459480,"KVARNVIKStorage box with lid, beige,32x35x32 cm",64.0,49.0,4.0,1.22,https://www.ikea.com/nl/en/p/00459480/
00460596,"VILDKORNPillow, low,60x70 cm",56.0,15.0,15.0,0.71,https://www.ikea.com/nl/en/p/00460596/
00460836,"LAGKAPTENTable top, white,200x60 cm",201.0,61.0,4.0,11.95,https://www.ikea.com/nl/en/p/00460836/
00460577,"VILDKORNPillow, high,60x70 cm",53.0,16.0,16.0,0.81,https://www.ikea.com/nl/en/p/00460577/
00461379,"KALASMug, mixed colours",0.0,8.0,8.0,0.2,https://www.ikea.com/nl/en/p/00461379/
00461181,"MÅLAWax crayon, mixed colours",11.0,9.0,2.0,0.1,https://www.ikea.com/nl/en/p/00461181/
00460011,"UPPDATERAPegboard drawer organiser, anthracite,80 cm",54.0,28.0,4.0,1.53,https://www.ikea.com/nl/en/p/00460011/
00461888,"ÄSPERÖDCoffee table, black/glass black,115x58 cm",120.0,60.0,6.0,22.21,https://www.ikea.com/nl/en/p/00461888/
00463689,"MIDDAGSMATFrying pan, non-stick coating/stainless steel,28 cm",48.0,29.0,7.0,0.85,https://www.ikea.com/nl/en/p/00463689/
00464429,"LYCKADOven/serving dish set of 2, dark grey",31.0,21.0,6.0,2.74,https://www.ikea.com/nl/en/p/00464429/
00464113,"JÄTTELIKDuvet cover and pillowcase, Dinosaurs/white,140x200/60x70 cm",28.0,19.0,5.0,1.03,https://www.ikea.com/nl/en/p/00464113/
00465141,"ANFALLARETable top, bamboo,140x65 cm",147.0,70.0,3.0,8.87,https://www.ikea.com/nl/en/p/00465141/
00464368,"PÄRLBANDTealight holder, black,10 cm",10.0,9.0,9.0,0.19,https://www.ikea.com/nl/en/p/00464368/
00465754,"ENHETHook, white,6x24 mm",10.0,7.0,1.0,0.01,https://www.ikea.com/nl/en/p/00465754/
00466008,"HASSJÖNShower curtain ring, white",14.0,12.0,4.0,0.04,https://www.ikea.com/nl/en/p/00466008/
00467215,"LÅNGDANSRoller blind, grey,140x195 cm",152.0,5.0,5.0,1.0,https://www.ikea.com/nl/en/p/00467215/
00467201,"SANDVEDELRoller blind, beige,120x195 cm",131.0,5.0,5.0,1.07,https://www.ikea.com/nl/en/p/00467201/
00468130,"IKEA 365+Bowl, rounded sides white,19 cm",0.0,19.0,19.0,0.65,https://www.ikea.com/nl/en/p/00468130/
00470468,"UPPLÖVCover panel, matt dark beige,62x80 cm",89.0,62.0,2.0,5.43,https://www.ikea.com/nl/en/p/00470468/
00470487,"UPPLÖVDoor, matt dark beige,60x80 cm",89.0,60.0,2.0,7.35,https://www.ikea.com/nl/en/p/00470487/
00470473,"UPPLÖVDoor, matt dark beige,30x80 cm",89.0,30.0,2.0,3.68,https://www.ikea.com/nl/en/p/00470473/
00470492,"UPPLÖVDrawer front, matt dark beige,60x10 cm",69.0,20.0,2.0,1.68,https://www.ikea.com/nl/en/p/00470492/
00469021,"TÄRNÖTable, outdoor, black/light brown stained,100x54 cm",103.0,97.0,7.0,10.97,https://www.ikea.com/nl/en/p/00469021/
00469078,"KVADRATURPendant lamp shade, black",30.0,18.0,18.0,0.61,https://www.ikea.com/nl/en/p/00469078/
00470294,"FJÄLLBRÄCKADuvet, light warm,140x200 cm",48.0,20.0,20.0,1.32,https://www.ikea.com/nl/en/p/00470294/
00469304,"STORSINTMartini glass, clear glass,24 cl",18.0,12.0,12.0,0.19,https://www.ikea.com/nl/en/p/00469304/
00472919,"BESTÅTop panel, oak veneer,180x42 cm",197.0,44.0,3.0,13.57,https://www.ikea.com/nl/en/p/00472919/
00471222,"VESKENTrolley, white,54x18x71 cm",54.0,18.0,14.0,1.75,https://www.ikea.com/nl/en/p/00471222/
00472491,"MULLFJÄLLETConference chair with castors, Naggen beige",71.0,57.0,56.0,16.51,https://www.ikea.com/nl/en/p/00472491/
00470982,"FINSMAKTealight holder, clear glass,3.5 cm",4.0,5.0,5.0,0.08,https://www.ikea.com/nl/en/p/00470982/
00473023,"SVALKAWine glass, clear glass,44 cl",27.0,21.0,18.0,1.29,https://www.ikea.com/nl/en/p/00473023/
00473400,"BENGTSBOLPendant lamp with 5 lamps, black",29.0,19.0,10.0,0.96,https://www.ikea.com/nl/en/p/00473400/
00473141,"REINSVOLLDoor, grey-beige,50x195 cm",204.0,50.0,2.0,12.26,https://www.ikea.com/nl/en/p/00473141/
00474372,"BAXNAOrganiser, grey/white,20x26x10 cm",27.0,21.0,2.0,0.17,https://www.ikea.com/nl/en/p/00474372/
00473546,"ALEXDrawer unit, white,36x70 cm",81.0,60.0,11.0,27.98,https://www.ikea.com/nl/en/p/00473546/
00473693,"KNALLABag, black/white,40x25x47 cm/47 l",49.0,35.0,0.0,0.16,https://www.ikea.com/nl/en/p/00473693/
00474070,"BESTÅTV bench, white,180x40x38 cm",186.0,41.0,11.0,23.9,https://www.ikea.com/nl/en/p/00474070/
00474838,"TROTTENCabinet with sliding doors, anthracite,80x55x75 cm",89.0,62.0,17.0,26.99,https://www.ikea.com/nl/en/p/00474838/
00474758,"TROTTENTable top, white,80x80 cm",88.0,85.0,3.0,9.45,https://www.ikea.com/nl/en/p/00474758/
00475282,"HAVSTORPDrawer front, beige,80x20 cm",89.0,22.0,2.0,2.0,https://www.ikea.com/nl/en/p/00475282/
00475277,"HAVSTORPDrawer front, beige,40x40 cm",49.0,42.0,2.0,1.99,https://www.ikea.com/nl/en/p/00475277/
00477158,"FÄRGKLARPlate, matt light turquoise,26 cm",27.0,27.0,6.0,2.8,https://www.ikea.com/nl/en/p/00477158/
00475258,"HAVSTORPDoor, beige,30x60 cm",70.0,32.0,2.0,2.2,https://www.ikea.com/nl/en/p/00475258/
00476583,"KRANSBORRECushion, golden-brown,40 cm",11.0,41.0,41.0,0.38,https://www.ikea.com/nl/en/p/00476583/
00475263,"HAVSTORPDoor, beige,40x40 cm",49.0,42.0,2.0,1.98,https://www.ikea.com/nl/en/p/00475263/
00476366,"RINNIGPot holder, grey,21x21 cm",24.0,22.0,2.0,0.1,https://www.ikea.com/nl/en/p/00476366/
00477361,"BILLYHeight extension unit, black oak effect,80x28x35 cm",78.0,38.0,6.0,8.38,https://www.ikea.com/nl/en/p/00477361/
00477337,"BILLYBookcase, black oak effect,80x28x106 cm",110.0,31.0,15.0,22.7,https://www.ikea.com/nl/en/p/00477337/
00479421,"FÄRGKLARSide plate, matt dark grey,20 cm",21.0,21.0,6.0,1.73,https://www.ikea.com/nl/en/p/00479421/
00479218,"VÄSTANHEDFrame, black,20x25 cm",28.0,23.0,6.0,0.96,https://www.ikea.com/nl/en/p/00479218/
00478351,"SESAMFRÖNPlant pot, in/outdoor off-white,9 cm",10.0,11.0,11.0,0.4,https://www.ikea.com/nl/en/p/00478351/
00479379,"FÄRGKLARDeep plate, matt dark grey,23 cm",24.0,24.0,9.0,2.98,https://www.ikea.com/nl/en/p/00479379/
00479713,"FÄRGKLARPlate, matt dark grey,26 cm",27.0,27.0,7.0,2.9,https://www.ikea.com/nl/en/p/00479713/
00480858,"ÅGOTNESFoam mattress, firm/light blue,90x200 cm",124.0,32.0,32.0,8.33,https://www.ikea.com/nl/en/p/00480858/
00481122,"KOPPANGChest of 6 drawers, black-brown,172x44x83 cm",177.0,59.0,8.0,64.5,https://www.ikea.com/nl/en/p/00481122/
00481462,"ÅBYGDAFoam mattress, firm/white,140x200 cm",147.0,32.0,32.0,17.8,https://www.ikea.com/nl/en/p/00481462/
00481730,"ÅNNELANDHybrid mattress, firm/white,90x200 cm",106.0,40.0,40.0,23.2,https://www.ikea.com/nl/en/p/00481730/
00481985,"JANOLOFSwivel armchair, Gunnared dark grey",75.0,58.0,43.0,14.0,https://www.ikea.com/nl/en/p/00481985/
00484007,"HILDEGUNTea towel, red,45x60 cm",23.0,20.0,1.0,0.06,https://www.ikea.com/nl/en/p/00484007/
00484050,HILDEGUNOven glove,28.0,20.0,2.0,0.1,https://www.ikea.com/nl/en/p/00484050/
00483239,"VIHALSChest of 4 drawers, white/anchor/unlock-function,70x47x90 cm",93.0,48.0,14.0,46.75,https://www.ikea.com/nl/en/p/00483239/
00484045,"HILDEGUNApron,63x84 cm",17.0,16.0,3.0,0.16,https://www.ikea.com/nl/en/p/00484045/
00484229,"IKEA 365+Saucepan, stainless steel,1.0 l",32.0,16.0,8.0,0.47,https://www.ikea.com/nl/en/p/00484229/
00484253,"IKEA 365+Sauté pan, stainless steel,24 cm",45.0,26.0,9.0,1.33,https://www.ikea.com/nl/en/p/00484253/
00484955,"REMSTAArmchair, Djuparp dark green-blue",70.0,64.0,34.0,13.32,https://www.ikea.com/nl/en/p/00484955/
00484917,"BILDPoster, Flower unicorn,40x50 cm",52.0,42.0,0.0,0.18,https://www.ikea.com/nl/en/p/00484917/
00484880,"FORSANDDoor, white stained oak effect,25x195 cm",204.0,25.0,2.0,7.0,https://www.ikea.com/nl/en/p/00484880/
00485101,"ELLOVENMonitor stand with drawer, anthracite",49.0,26.0,11.0,2.74,https://www.ikea.com/nl/en/p/00485101/
00485040,"BODBYNGlass door, off-white,40x100 cm",110.0,42.0,2.0,4.53,https://www.ikea.com/nl/en/p/00485040/
00485224,"RIDSPÖDesk, oak,140x70 cm",143.0,73.0,17.0,37.02,https://www.ikea.com/nl/en/p/00485224/
00486327,"GURSKENChest of 3 drawers, light beige,69x67 cm",76.0,39.0,11.0,16.35,https://www.ikea.com/nl/en/p/00486327/
00486290,"BAXNAOrganiser, grey/white,26x34x18 cm",35.0,27.0,2.0,0.32,https://www.ikea.com/nl/en/p/00486290/
00486129,"KNOXHULTCorner base cabinet, white,100x91 cm",128.0,63.0,9.0,53.2,https://www.ikea.com/nl/en/p/00486129/
00486233,"BERGMUNDChair cover, medium long, Nolhaga grey/beige",22.0,18.0,6.0,0.62,https://www.ikea.com/nl/en/p/00486233/
00486643,"SIDORNA2-piece T-connectors set, grey",20.0,13.0,2.0,0.17,https://www.ikea.com/nl/en/p/00486643/
00487609,"STORSLINGALED chandelier, 8-armed, black/white,70 cm",40.0,35.0,11.0,1.65,https://www.ikea.com/nl/en/p/00487609/
00487831,"IDANÄSBookcase, dark brown stained,81x39x211 cm",191.0,40.0,11.0,54.1,https://www.ikea.com/nl/en/p/00487831/
